8629000177,2011-6-28,Brendin Guiducci,1996,Effertz Group,5514315242,9,18
5460070857,2011-5-5,Meggie Chrippes,2012,Kozey Group,7734604418,4,20
3298627256,2012-5-31,Anson Tenman,2006,Barrows and Sons,6055074814,9,5
4623968571,2012-12-30,Roselle Schops,2006,Upton Group,1486797886,5,23
9732577635,2010-6-6,Tracee Staterfield,2001,"Bruen, Waelchi and Johns",2324701805,4,29
3067028732,2017-2-24,Cesaro Bettles,2008,"Keebler, Schuster and Moore",4691539416,8,36
5598371331,2018-4-14,Lucia Larking,1998,Kerluke-Kub,3282676803,9,32
4591674536,2014-12-13,Evie Vynoll,2007,Zemlak-Erdman,7516118878,10,8
1321738851,2015-12-12,Livvy Crop,1996,Goldner-Friesen,5185685964,1,40
4178118154,2010-7-17,Lolly Radbone,2010,Langosh-Cassin,9599249340,7,35
7326530678,2015-7-22,Caye Tregiddo,2009,Kiehn-Cronin,1049362518,2,47
6782534795,2014-1-17,Der Cosby,1988,Schimmel and Sons,7866704173,2,50
7058411526,2012-12-22,Alaric Haeslier,2011,"Gulgowski, Stracke and White",8257761778,1,30
9174201282,2014-12-5,Cam Drennan,2002,Hilll Group,4723477913,4,24
3529628770,2013-6-30,Herc Livett,2006,Schiller LLC,5957016146,6,48
1170399005,2016-2-5,Padraig Neil,2007,Hirthe Inc,8417987252,6,10
5219139850,2019-7-12,Ase Sammes,2009,Bogan LLC,3764800977,4,34
3803693096,2016-9-14,Neilla Pocklington,2012,"Leannon, Emmerich and Lemke",1460770286,5,38
7886363970,2012-3-25,Tilly Loomis,2008,Ondricka and Sons,3792714325,1,34
4330366382,2016-5-4,Belicia Swait,1992,"Kassulke, Schroeder and Stark",6205780572,8,13
